Site,qPCRFine,qPCRCoarse,WAFine,WACoarse,WVFine,WVCoarse,RVFine,RVCoarse,ddPCRFine,ddPCRCoarse,CPUE,Biomass
eDNA1,93.32178201,69.42335348,28944.96301,13927.03805,1285.672215,805.9961335,640.5861431,491.9413919,2.432629108,0.266900692,0.260869565,2.556521739
eDNA2,80.98619608,37.45583902,10244.50855,10648.92308,1697.526353,697.3100233,449.8240741,492.7272727,16.05520655,4.030827506,0.91561939,7.324955117
eDNA3,84.24908456,32.30565417,6817.388592,9917.291667,640.9536542,1330.458333,295.5614973,761.0833333,10.82103387,0.449166667,8.384030418,34.7338403
eDNA4,391.9050881,71.86588178,279356.8376,71702.08628,1429.102564,1464.787747,8892.115385,2121.733017,175.4732906,5.353834187,0.35053554,2.979552093
eDNA5,330.3886529,64.56054514,57538.74074,42170.0624,1690.381766,1089.833187,1639.569801,692.5539138,24.85153846,3.34190434,0.128893663,0.902255639
