,qPCRFine,qPCRCoarse,qPCRDacron,WAFine,WACoarse,WADacron,WVFine,WVCoarse,WVDacron,RVFine,RVCoarse,RVDacron,ddPCRFine,ddPCRCoarse,ddPCRDacron,Historic,CPUE,Biomass
Delta,46.3694,44.09175,0.44588,711.2,316.4,0,27.4,74.4,0,25.8,30.2,0,0.042,0.008,0.00004,10.08333333,0.228571429,1.371428571
Ohau ,40.08199737,40.7161,0.3778845,1028.2,762.8,28.126,4,2.4,0.18,2.4,22.4,0.244,0.078210526,0.06,0.146,50.23529412,0.109589041,0.876712329
Okawa,46.3694,33.9289,0.655693,5727.466667,4196,269.464,36,26.2,3.08,94.93333333,67,4.972,0.64,0.482,0.02452,11.78571429,1.372881356,11.77118644
Otamarae,37.32541667,40.04505,0.4000615,2253.933333,2207,5.304,0.016720732,15.4,0.294,58.46666667,41.2,0.214,0.328666667,0.054,0.116,1.888888889,0,0
TeWeta,47.10346667,37.06265,0.4240215,5534.4,5151.8,31.462,503.2,119.8,2.222,148,83,0.322,0.357333333,0.09,0.00018,21.86326194,0.774193548,8.322580645
