Site ,BPUE,CPUE,WAFine,WADacron,WVDacron,ddPCRCoarse
Delta,8.322580645,0.774193548,711.2,0,0,0.008
Ohau,0.876712329,0.109589041,1028.2,28.126,0.18,0.06
Okawa,11.77118644,1.372881356,5727.466667,269.464,3.08,0.482
Otamarae,0,0,2253.933333,5.304,0.294,0.054
Te Weta,1.371428571,0.228571429,5534.4,31.462,2.222,0.09
